--
-- PostgreSQL database dump
--

-- Dumped from database version 9.6.2
-- Dumped by pg_dump version 9.6.2

SET statement_timeout = 0;
SET lock_timeout = 0;
SET idle_in_transaction_session_timeout = 0;
SET client_encoding = 'UTF8';
SET standard_conforming_strings = on;
SET check_function_bodies = false;
SET client_min_messages = warning;
SET row_security = off;

--
-- Name: plpgsql; Type: EXTENSION; Schema: -; Owner: 
--

CREATE EXTENSION IF NOT EXISTS plpgsql WITH SCHEMA pg_catalog;


--
-- Name: EXTENSION plpgsql; Type: COMMENT; Schema: -; Owner: 
--

COMMENT ON EXTENSION plpgsql IS 'PL/pgSQL procedural language';


SET search_path = public, pg_catalog;

SET default_tablespace = '';

SET default_with_oids = false;

--
-- Name: auth_group; Type: TABLE; Schema: public; Owner: taiga
--

CREATE TABLE auth_group (
    id integer NOT NULL,
    name character varying(80) NOT NULL
);


ALTER TABLE auth_group OWNER TO taiga;

--
-- Name: auth_group_id_seq; Type: SEQUENCE; Schema: public; Owner: taiga
--

CREATE SEQUENCE auth_group_id_seq
    START WITH 1
    INCREMENT BY 1
    NO MINVALUE
    NO MAXVALUE
    CACHE 1;


ALTER TABLE auth_group_id_seq OWNER TO taiga;

--
-- Name: auth_group_id_seq; Type: SEQUENCE OWNED BY; Schema: public; Owner: taiga
--

ALTER SEQUENCE auth_group_id_seq OWNED BY auth_group.id;


--
-- Name: auth_group_permissions; Type: TABLE; Schema: public; Owner: taiga
--

CREATE TABLE auth_group_permissions (
    id integer NOT NULL,
    group_id integer NOT NULL,
    permission_id integer NOT NULL
);


ALTER TABLE auth_group_permissions OWNER TO taiga;

--
-- Name: auth_group_permissions_id_seq; Type: SEQUENCE; Schema: public; Owner: taiga
--

CREATE SEQUENCE auth_group_permissions_id_seq
    START WITH 1
    INCREMENT BY 1
    NO MINVALUE
    NO MAXVALUE
    CACHE 1;


ALTER TABLE auth_group_permissions_id_seq OWNER TO taiga;

--
-- Name: auth_group_permissions_id_seq; Type: SEQUENCE OWNED BY; Schema: public; Owner: taiga
--

ALTER SEQUENCE auth_group_permissions_id_seq OWNED BY auth_group_permissions.id;


--
-- Name: auth_permission; Type: TABLE; Schema: public; Owner: taiga
--

CREATE TABLE auth_permission (
    id integer NOT NULL,
    name character varying(255) NOT NULL,
    content_type_id integer NOT NULL,
    codename character varying(100) NOT NULL
);


ALTER TABLE auth_permission OWNER TO taiga;

--
-- Name: auth_permission_id_seq; Type: SEQUENCE; Schema: public; Owner: taiga
--

CREATE SEQUENCE auth_permission_id_seq
    START WITH 1
    INCREMENT BY 1
    NO MINVALUE
    NO MAXVALUE
    CACHE 1;


ALTER TABLE auth_permission_id_seq OWNER TO taiga;

--
-- Name: auth_permission_id_seq; Type: SEQUENCE OWNED BY; Schema: public; Owner: taiga
--

ALTER SEQUENCE auth_permission_id_seq OWNED BY auth_permission.id;


--
-- Name: auth_user; Type: TABLE; Schema: public; Owner: taiga
--

CREATE TABLE auth_user (
    id integer NOT NULL,
    password character varying(128) NOT NULL,
    last_login timestamp with time zone,
    is_superuser boolean NOT NULL,
    username character varying(150) NOT NULL,
    first_name character varying(30) NOT NULL,
    last_name character varying(30) NOT NULL,
    email character varying(254) NOT NULL,
    is_staff boolean NOT NULL,
    is_active boolean NOT NULL,
    date_joined timestamp with time zone NOT NULL
);


ALTER TABLE auth_user OWNER TO taiga;

--
-- Name: auth_user_groups; Type: TABLE; Schema: public; Owner: taiga
--

CREATE TABLE auth_user_groups (
    id integer NOT NULL,
    user_id integer NOT NULL,
    group_id integer NOT NULL
);


ALTER TABLE auth_user_groups OWNER TO taiga;

--
-- Name: auth_user_groups_id_seq; Type: SEQUENCE; Schema: public; Owner: taiga
--

CREATE SEQUENCE auth_user_groups_id_seq
    START WITH 1
    INCREMENT BY 1
    NO MINVALUE
    NO MAXVALUE
    CACHE 1;


ALTER TABLE auth_user_groups_id_seq OWNER TO taiga;

--
-- Name: auth_user_groups_id_seq; Type: SEQUENCE OWNED BY; Schema: public; Owner: taiga
--

ALTER SEQUENCE auth_user_groups_id_seq OWNED BY auth_user_groups.id;


--
-- Name: auth_user_id_seq; Type: SEQUENCE; Schema: public; Owner: taiga
--

CREATE SEQUENCE auth_user_id_seq
    START WITH 1
    INCREMENT BY 1
    NO MINVALUE
    NO MAXVALUE
    CACHE 1;


ALTER TABLE auth_user_id_seq OWNER TO taiga;

--
-- Name: auth_user_id_seq; Type: SEQUENCE OWNED BY; Schema: public; Owner: taiga
--

ALTER SEQUENCE auth_user_id_seq OWNED BY auth_user.id;


--
-- Name: auth_user_user_permissions; Type: TABLE; Schema: public; Owner: taiga
--

CREATE TABLE auth_user_user_permissions (
    id integer NOT NULL,
    user_id integer NOT NULL,
    permission_id integer NOT NULL
);


ALTER TABLE auth_user_user_permissions OWNER TO taiga;

--
-- Name: auth_user_user_permissions_id_seq; Type: SEQUENCE; Schema: public; Owner: taiga
--

CREATE SEQUENCE auth_user_user_permissions_id_seq
    START WITH 1
    INCREMENT BY 1
    NO MINVALUE
    NO MAXVALUE
    CACHE 1;


ALTER TABLE auth_user_user_permissions_id_seq OWNER TO taiga;

--
-- Name: auth_user_user_permissions_id_seq; Type: SEQUENCE OWNED BY; Schema: public; Owner: taiga
--

ALTER SEQUENCE auth_user_user_permissions_id_seq OWNED BY auth_user_user_permissions.id;


--
-- Name: django_admin_log; Type: TABLE; Schema: public; Owner: taiga
--

CREATE TABLE django_admin_log (
    id integer NOT NULL,
    action_time timestamp with time zone NOT NULL,
    object_id text,
    object_repr character varying(200) NOT NULL,
    action_flag smallint NOT NULL,
    change_message text NOT NULL,
    content_type_id integer,
    user_id integer NOT NULL,
    CONSTRAINT django_admin_log_action_flag_check CHECK ((action_flag >= 0))
);


ALTER TABLE django_admin_log OWNER TO taiga;

--
-- Name: django_admin_log_id_seq; Type: SEQUENCE; Schema: public; Owner: taiga
--

CREATE SEQUENCE django_admin_log_id_seq
    START WITH 1
    INCREMENT BY 1
    NO MINVALUE
    NO MAXVALUE
    CACHE 1;


ALTER TABLE django_admin_log_id_seq OWNER TO taiga;

--
-- Name: django_admin_log_id_seq; Type: SEQUENCE OWNED BY; Schema: public; Owner: taiga
--

ALTER SEQUENCE django_admin_log_id_seq OWNED BY django_admin_log.id;


--
-- Name: django_content_type; Type: TABLE; Schema: public; Owner: taiga
--

CREATE TABLE django_content_type (
    id integer NOT NULL,
    app_label character varying(100) NOT NULL,
    model character varying(100) NOT NULL
);


ALTER TABLE django_content_type OWNER TO taiga;

--
-- Name: django_content_type_id_seq; Type: SEQUENCE; Schema: public; Owner: taiga
--

CREATE SEQUENCE django_content_type_id_seq
    START WITH 1
    INCREMENT BY 1
    NO MINVALUE
    NO MAXVALUE
    CACHE 1;


ALTER TABLE django_content_type_id_seq OWNER TO taiga;

--
-- Name: django_content_type_id_seq; Type: SEQUENCE OWNED BY; Schema: public; Owner: taiga
--

ALTER SEQUENCE django_content_type_id_seq OWNED BY django_content_type.id;


--
-- Name: django_migrations; Type: TABLE; Schema: public; Owner: taiga
--

CREATE TABLE django_migrations (
    id integer NOT NULL,
    app character varying(255) NOT NULL,
    name character varying(255) NOT NULL,
    applied timestamp with time zone NOT NULL
);


ALTER TABLE django_migrations OWNER TO taiga;

--
-- Name: django_migrations_id_seq; Type: SEQUENCE; Schema: public; Owner: taiga
--

CREATE SEQUENCE django_migrations_id_seq
    START WITH 1
    INCREMENT BY 1
    NO MINVALUE
    NO MAXVALUE
    CACHE 1;


ALTER TABLE django_migrations_id_seq OWNER TO taiga;

--
-- Name: django_migrations_id_seq; Type: SEQUENCE OWNED BY; Schema: public; Owner: taiga
--

ALTER SEQUENCE django_migrations_id_seq OWNED BY django_migrations.id;


--
-- Name: django_session; Type: TABLE; Schema: public; Owner: taiga
--

CREATE TABLE django_session (
    session_key character varying(40) NOT NULL,
    session_data text NOT NULL,
    expire_date timestamp with time zone NOT NULL
);


ALTER TABLE django_session OWNER TO taiga;

--
-- Name: issues_issue; Type: TABLE; Schema: public; Owner: taiga
--

CREATE TABLE issues_issue (
    id integer NOT NULL,
    subject character varying(128) NOT NULL,
    description text NOT NULL,
    assigned_to_id integer NOT NULL,
    project_id integer NOT NULL,
    status character varying(16) NOT NULL,
    created_date timestamp with time zone NOT NULL,
    finished_date timestamp with time zone,
    modified_date timestamp with time zone NOT NULL
);


ALTER TABLE issues_issue OWNER TO taiga;

--
-- Name: issues_issue_id_seq; Type: SEQUENCE; Schema: public; Owner: taiga
--

CREATE SEQUENCE issues_issue_id_seq
    START WITH 1
    INCREMENT BY 1
    NO MINVALUE
    NO MAXVALUE
    CACHE 1;


ALTER TABLE issues_issue_id_seq OWNER TO taiga;

--
-- Name: issues_issue_id_seq; Type: SEQUENCE OWNED BY; Schema: public; Owner: taiga
--

ALTER SEQUENCE issues_issue_id_seq OWNED BY issues_issue.id;


--
-- Name: projects_membership; Type: TABLE; Schema: public; Owner: taiga
--

CREATE TABLE projects_membership (
    id integer NOT NULL,
    project_id integer NOT NULL,
    role_id integer NOT NULL,
    user_id integer
);


ALTER TABLE projects_membership OWNER TO taiga;

--
-- Name: projects_membership_id_seq; Type: SEQUENCE; Schema: public; Owner: taiga
--

CREATE SEQUENCE projects_membership_id_seq
    START WITH 1
    INCREMENT BY 1
    NO MINVALUE
    NO MAXVALUE
    CACHE 1;


ALTER TABLE projects_membership_id_seq OWNER TO taiga;

--
-- Name: projects_membership_id_seq; Type: SEQUENCE OWNED BY; Schema: public; Owner: taiga
--

ALTER SEQUENCE projects_membership_id_seq OWNED BY projects_membership.id;


--
-- Name: projects_project; Type: TABLE; Schema: public; Owner: taiga
--

CREATE TABLE projects_project (
    id integer NOT NULL,
    name character varying(64) NOT NULL,
    description text NOT NULL,
    created_date timestamp with time zone NOT NULL,
    modified_date timestamp with time zone NOT NULL,
    owner_id integer
);


ALTER TABLE projects_project OWNER TO taiga;

--
-- Name: projects_project_id_seq; Type: SEQUENCE; Schema: public; Owner: taiga
--

CREATE SEQUENCE projects_project_id_seq
    START WITH 1
    INCREMENT BY 1
    NO MINVALUE
    NO MAXVALUE
    CACHE 1;


ALTER TABLE projects_project_id_seq OWNER TO taiga;

--
-- Name: projects_project_id_seq; Type: SEQUENCE OWNED BY; Schema: public; Owner: taiga
--

ALTER SEQUENCE projects_project_id_seq OWNED BY projects_project.id;


--
-- Name: timelogs_timelog; Type: TABLE; Schema: public; Owner: taiga
--

CREATE TABLE timelogs_timelog (
    id integer NOT NULL,
    date date NOT NULL,
    duration numeric(4,2) NOT NULL,
    issue_id integer NOT NULL,
    user_id integer NOT NULL
);


ALTER TABLE timelogs_timelog OWNER TO taiga;

--
-- Name: timelogs_timelog_id_seq; Type: SEQUENCE; Schema: public; Owner: taiga
--

CREATE SEQUENCE timelogs_timelog_id_seq
    START WITH 1
    INCREMENT BY 1
    NO MINVALUE
    NO MAXVALUE
    CACHE 1;


ALTER TABLE timelogs_timelog_id_seq OWNER TO taiga;

--
-- Name: timelogs_timelog_id_seq; Type: SEQUENCE OWNED BY; Schema: public; Owner: taiga
--

ALTER SEQUENCE timelogs_timelog_id_seq OWNED BY timelogs_timelog.id;


--
-- Name: users_role; Type: TABLE; Schema: public; Owner: taiga
--

CREATE TABLE users_role (
    id integer NOT NULL,
    name character varying(200) NOT NULL,
    permissions text[]
);


ALTER TABLE users_role OWNER TO taiga;

--
-- Name: users_role_id_seq; Type: SEQUENCE; Schema: public; Owner: taiga
--

CREATE SEQUENCE users_role_id_seq
    START WITH 1
    INCREMENT BY 1
    NO MINVALUE
    NO MAXVALUE
    CACHE 1;


ALTER TABLE users_role_id_seq OWNER TO taiga;

--
-- Name: users_role_id_seq; Type: SEQUENCE OWNED BY; Schema: public; Owner: taiga
--

ALTER SEQUENCE users_role_id_seq OWNED BY users_role.id;


--
-- Name: users_user; Type: TABLE; Schema: public; Owner: taiga
--

CREATE TABLE users_user (
    user_ptr_id integer NOT NULL
);


ALTER TABLE users_user OWNER TO taiga;

--
-- Name: auth_group id; Type: DEFAULT; Schema: public; Owner: taiga
--

ALTER TABLE ONLY auth_group ALTER COLUMN id SET DEFAULT nextval('auth_group_id_seq'::regclass);


--
-- Name: auth_group_permissions id; Type: DEFAULT; Schema: public; Owner: taiga
--

ALTER TABLE ONLY auth_group_permissions ALTER COLUMN id SET DEFAULT nextval('auth_group_permissions_id_seq'::regclass);


--
-- Name: auth_permission id; Type: DEFAULT; Schema: public; Owner: taiga
--

ALTER TABLE ONLY auth_permission ALTER COLUMN id SET DEFAULT nextval('auth_permission_id_seq'::regclass);


--
-- Name: auth_user id; Type: DEFAULT; Schema: public; Owner: taiga
--

ALTER TABLE ONLY auth_user ALTER COLUMN id SET DEFAULT nextval('auth_user_id_seq'::regclass);


--
-- Name: auth_user_groups id; Type: DEFAULT; Schema: public; Owner: taiga
--

ALTER TABLE ONLY auth_user_groups ALTER COLUMN id SET DEFAULT nextval('auth_user_groups_id_seq'::regclass);


--
-- Name: auth_user_user_permissions id; Type: DEFAULT; Schema: public; Owner: taiga
--

ALTER TABLE ONLY auth_user_user_permissions ALTER COLUMN id SET DEFAULT nextval('auth_user_user_permissions_id_seq'::regclass);


--
-- Name: django_admin_log id; Type: DEFAULT; Schema: public; Owner: taiga
--

ALTER TABLE ONLY django_admin_log ALTER COLUMN id SET DEFAULT nextval('django_admin_log_id_seq'::regclass);


--
-- Name: django_content_type id; Type: DEFAULT; Schema: public; Owner: taiga
--

ALTER TABLE ONLY django_content_type ALTER COLUMN id SET DEFAULT nextval('django_content_type_id_seq'::regclass);


--
-- Name: django_migrations id; Type: DEFAULT; Schema: public; Owner: taiga
--

ALTER TABLE ONLY django_migrations ALTER COLUMN id SET DEFAULT nextval('django_migrations_id_seq'::regclass);


--
-- Name: issues_issue id; Type: DEFAULT; Schema: public; Owner: taiga
--

ALTER TABLE ONLY issues_issue ALTER COLUMN id SET DEFAULT nextval('issues_issue_id_seq'::regclass);


--
-- Name: projects_membership id; Type: DEFAULT; Schema: public; Owner: taiga
--

ALTER TABLE ONLY projects_membership ALTER COLUMN id SET DEFAULT nextval('projects_membership_id_seq'::regclass);


--
-- Name: projects_project id; Type: DEFAULT; Schema: public; Owner: taiga
--

ALTER TABLE ONLY projects_project ALTER COLUMN id SET DEFAULT nextval('projects_project_id_seq'::regclass);


--
-- Name: timelogs_timelog id; Type: DEFAULT; Schema: public; Owner: taiga
--

ALTER TABLE ONLY timelogs_timelog ALTER COLUMN id SET DEFAULT nextval('timelogs_timelog_id_seq'::regclass);


--
-- Name: users_role id; Type: DEFAULT; Schema: public; Owner: taiga
--

ALTER TABLE ONLY users_role ALTER COLUMN id SET DEFAULT nextval('users_role_id_seq'::regclass);


--
-- Data for Name: auth_group; Type: TABLE DATA; Schema: public; Owner: taiga
--

COPY auth_group (id, name) FROM stdin;
2	Developer
3	Reporter
1	Manager
\.


--
-- Name: auth_group_id_seq; Type: SEQUENCE SET; Schema: public; Owner: taiga
--

SELECT pg_catalog.setval('auth_group_id_seq', 3, true);


--
-- Data for Name: auth_group_permissions; Type: TABLE DATA; Schema: public; Owner: taiga
--

COPY auth_group_permissions (id, group_id, permission_id) FROM stdin;
1	1	1
2	1	2
3	1	3
4	1	4
5	1	5
6	1	6
7	1	7
8	1	8
9	1	9
10	1	10
11	1	11
12	1	12
13	1	13
14	1	14
15	1	15
16	1	16
17	1	17
18	1	18
19	1	19
20	1	20
21	1	21
22	1	22
23	1	23
24	1	24
25	1	25
26	1	26
27	1	27
28	1	28
29	1	29
30	1	30
\.


--
-- Name: auth_group_permissions_id_seq; Type: SEQUENCE SET; Schema: public; Owner: taiga
--

SELECT pg_catalog.setval('auth_group_permissions_id_seq', 30, true);


--
-- Data for Name: auth_permission; Type: TABLE DATA; Schema: public; Owner: taiga
--

COPY auth_permission (id, name, content_type_id, codename) FROM stdin;
1	Can add log entry	1	add_logentry
2	Can change log entry	1	change_logentry
3	Can delete log entry	1	delete_logentry
4	Can add permission	2	add_permission
5	Can change permission	2	change_permission
6	Can delete permission	2	delete_permission
7	Can add user	3	add_user
8	Can change user	3	change_user
9	Can delete user	3	delete_user
10	Can add group	4	add_group
11	Can change group	4	change_group
12	Can delete group	4	delete_group
13	Can add content type	5	add_contenttype
14	Can change content type	5	change_contenttype
15	Can delete content type	5	delete_contenttype
16	Can add session	6	add_session
17	Can change session	6	change_session
18	Can delete session	6	delete_session
19	Can add user	7	add_user
20	Can change user	7	change_user
21	Can delete user	7	delete_user
22	Can add project	8	add_project
23	Can change project	8	change_project
24	Can delete project	8	delete_project
25	Can add issue	9	add_issue
26	Can change issue	9	change_issue
27	Can delete issue	9	delete_issue
28	Can add timelog	10	add_timelog
29	Can change timelog	10	change_timelog
30	Can delete timelog	10	delete_timelog
31	Can add role	11	add_role
32	Can change role	11	change_role
33	Can delete role	11	delete_role
34	Can add membership	12	add_membership
35	Can change membership	12	change_membership
36	Can delete membership	12	delete_membership
\.


--
-- Name: auth_permission_id_seq; Type: SEQUENCE SET; Schema: public; Owner: taiga
--

SELECT pg_catalog.setval('auth_permission_id_seq', 36, true);


--
-- Data for Name: auth_user; Type: TABLE DATA; Schema: public; Owner: taiga
--

COPY auth_user (id, password, last_login, is_superuser, username, first_name, last_name, email, is_staff, is_active, date_joined) FROM stdin;
4	pbkdf2_sha256$30000$FZAdX4sw58s8$/FA93BPNLkO3vsGuL9M0HM901B5oFIgv0k+sznp8ZSo=	2017-05-29 08:49:15.758665+00	f	kirkman	Michael	Kirkman	kirkman@mail.ccm	f	t	2017-05-24 08:24:10+00
3	pbkdf2_sha256$30000$VsnC7FedeNME$OAp2QXeSOmw2rCxAS8O9fjdEw3JISBI0U0r5Aj9Plko=	2017-05-29 08:54:20.051697+00	f	sabonis	Arvidas	Sabonis	sabonis@mail.ccm	f	t	2017-05-24 08:23:44+00
2	pbkdf2_sha256$30000$P6IYUQ0u55BM$zAydqCOEllmFAaMI38eJbWrhXJJmrSN72Q3vD7PQ3Bc=	2017-05-29 10:23:36.364078+00	f	mrfirst	Mister	First	mrfirst@mail.ccm	f	t	2017-05-24 08:19:58+00
5	pbkdf2_sha256$30000$YJBFkcblWBZ4$9mpkovwSM1wwv2ijLHV343M54bFGI2DRVzh7Z5HN7x4=	2017-06-06 08:33:08.894249+00	f	messi	Leonel	Messi	leonel@messi.ccm	f	t	2017-05-24 08:25:28+00
1	pbkdf2_sha256$30000$pLfbPoKyYOB2$mMuQSNF2z81XZzj/h+Py6OfstOi1pbwB2VqJBhB2gk4=	2017-05-25 15:58:46.37651+00	t	admin	Admin		admin@mail.ccm	t	t	2017-05-24 08:19:11+00
\.


--
-- Data for Name: auth_user_groups; Type: TABLE DATA; Schema: public; Owner: taiga
--

COPY auth_user_groups (id, user_id, group_id) FROM stdin;
1	2	1
\.


--
-- Name: auth_user_groups_id_seq; Type: SEQUENCE SET; Schema: public; Owner: taiga
--

SELECT pg_catalog.setval('auth_user_groups_id_seq', 1, true);


--
-- Name: auth_user_id_seq; Type: SEQUENCE SET; Schema: public; Owner: taiga
--

SELECT pg_catalog.setval('auth_user_id_seq', 5, true);


--
-- Data for Name: auth_user_user_permissions; Type: TABLE DATA; Schema: public; Owner: taiga
--

COPY auth_user_user_permissions (id, user_id, permission_id) FROM stdin;
\.


--
-- Name: auth_user_user_permissions_id_seq; Type: SEQUENCE SET; Schema: public; Owner: taiga
--

SELECT pg_catalog.setval('auth_user_user_permissions_id_seq', 1, false);


--
-- Data for Name: django_admin_log; Type: TABLE DATA; Schema: public; Owner: taiga
--

COPY django_admin_log (id, action_time, object_id, object_repr, action_flag, change_message, content_type_id, user_id) FROM stdin;
1	2017-05-24 08:20:46.003718+00	2	mrfirst	1	[{"added": {}}]	7	1
2	2017-05-24 08:23:04.258219+00	2	mrfirst	2	[{"changed": {"fields": ["first_name", "last_name", "email"]}}]	3	1
3	2017-05-24 08:24:10.043159+00	3	sabonis	1	[{"added": {}}]	7	1
4	2017-05-24 08:25:28.335264+00	4	kirkman	1	[{"added": {}}]	7	1
5	2017-05-24 08:26:31.539121+00	5	messi	1	[{"added": {}}]	7	1
6	2017-05-24 08:29:53.680075+00	4	4. Michael Kirkman	2	[{"changed": {"fields": ["first_name"]}}]	7	1
7	2017-05-24 08:35:35.658994+00	1	The repeat of somewhere	1	[{"added": {}}]	8	1
8	2017-05-24 08:37:12.857503+00	2	Applications and the time like the start the and work	1	[{"added": {}}]	8	1
9	2017-05-24 08:37:46.577437+00	3	Found can no feedback as a lift transmitting to want	1	[{"added": {}}]	8	1
10	2017-05-24 08:41:11.370515+00	1	A class laid this long writing	1	[{"added": {}}]	9	1
11	2017-05-24 08:42:10.362044+00	2	To it found would know and a for on copy	1	[{"added": {}}]	9	1
12	2017-05-24 08:42:37.469764+00	3	May they packed or subject fresh	1	[{"added": {}}]	9	1
13	2017-05-24 08:43:39.388512+00	4	Handout at avoid please testimony he seven	1	[{"added": {}}]	9	1
14	2017-05-24 08:44:15.296481+00	5	Attained good at the of remote	1	[{"added": {}}]	9	1
15	2017-05-24 08:44:50.073197+00	6	Be no part out my worn we his play	1	[{"added": {}}]	9	1
16	2017-05-24 08:45:22.967853+00	7	Suppliers and expected a so with	1	[{"added": {}}]	9	1
17	2017-05-24 08:45:43.785789+00	8	To a ducks Move slight what	1	[{"added": {}}]	9	1
18	2017-05-24 08:46:20.93622+00	9	Be felt people your train be	1	[{"added": {}}]	9	1
19	2017-05-24 08:46:50.554192+00	10	Divide in our and as of I large when	1	[{"added": {}}]	9	1
20	2017-05-24 08:47:18.589591+00	11	Caching decorated he it in me	1	[{"added": {}}]	9	1
21	2017-05-24 10:45:11.414353+00	2	mrfirst	2	[{"changed": {"fields": ["password"]}}]	3	1
22	2017-05-24 11:07:09.356895+00	4	kirkman	2	[{"changed": {"fields": ["password"]}}]	3	1
23	2017-05-24 11:07:23.825427+00	5	messi	2	[{"changed": {"fields": ["password"]}}]	3	1
24	2017-05-24 11:07:35.504187+00	3	sabonis	2	[{"changed": {"fields": ["password"]}}]	3	1
25	2017-05-25 07:43:06.326805+00	1	Manager	2	[]	4	1
26	2017-05-25 07:48:07.93397+00	1	admin	2	[{"changed": {"fields": ["first_name"]}}]	3	1
\.


--
-- Name: django_admin_log_id_seq; Type: SEQUENCE SET; Schema: public; Owner: taiga
--

SELECT pg_catalog.setval('django_admin_log_id_seq', 26, true);


--
-- Data for Name: django_content_type; Type: TABLE DATA; Schema: public; Owner: taiga
--

COPY django_content_type (id, app_label, model) FROM stdin;
1	admin	logentry
2	auth	permission
3	auth	user
4	auth	group
5	contenttypes	contenttype
6	sessions	session
7	users	user
8	projects	project
9	issues	issue
10	timelogs	timelog
11	users	role
12	projects	membership
\.


--
-- Name: django_content_type_id_seq; Type: SEQUENCE SET; Schema: public; Owner: taiga
--

SELECT pg_catalog.setval('django_content_type_id_seq', 12, true);


--
-- Data for Name: django_migrations; Type: TABLE DATA; Schema: public; Owner: taiga
--

COPY django_migrations (id, app, name, applied) FROM stdin;
1	contenttypes	0001_initial	2017-05-24 08:17:52.304241+00
2	auth	0001_initial	2017-05-24 08:17:53.259088+00
3	admin	0001_initial	2017-05-24 08:17:53.535128+00
4	admin	0002_logentry_remove_auto_add	2017-05-24 08:17:53.589769+00
5	contenttypes	0002_remove_content_type_name	2017-05-24 08:17:53.64294+00
6	auth	0002_alter_permission_name_max_length	2017-05-24 08:17:53.678318+00
7	auth	0003_alter_user_email_max_length	2017-05-24 08:17:53.721843+00
8	auth	0004_alter_user_username_opts	2017-05-24 08:17:53.74491+00
9	auth	0005_alter_user_last_login_null	2017-05-24 08:17:53.801467+00
10	auth	0006_require_contenttypes_0002	2017-05-24 08:17:53.809627+00
11	auth	0007_alter_validators_add_error_messages	2017-05-24 08:17:53.840433+00
12	auth	0008_alter_user_username_max_length	2017-05-24 08:17:53.934294+00
13	users	0001_initial	2017-05-24 08:17:54.020288+00
14	projects	0001_initial	2017-05-24 08:17:54.122219+00
15	issues	0001_initial	2017-05-24 08:17:54.375888+00
16	sessions	0001_initial	2017-05-24 08:17:54.54365+00
17	timelogs	0001_initial	2017-05-24 08:17:54.721069+00
18	issues	0002_issue_status	2017-05-25 09:35:01.312002+00
19	users	0002_auto_20170525_0916	2017-05-25 09:35:01.368465+00
20	projects	0002_auto_20170525_1331	2017-05-25 13:32:00.076455+00
21	users	0003_role	2017-05-25 13:32:00.284395+00
22	projects	0003_auto_20170525_1331	2017-05-25 13:32:00.462884+00
23	projects	0004_auto_20170525_1455	2017-05-25 14:56:10.742805+00
24	users	0004_remove_role_project	2017-05-25 14:56:10.809746+00
25	issues	0003_auto_20170530_0951	2017-05-30 09:51:20.027281+00
26	projects	0005_auto_20170605_0754	2017-06-05 07:54:22.806153+00
\.


--
-- Name: django_migrations_id_seq; Type: SEQUENCE SET; Schema: public; Owner: taiga
--

SELECT pg_catalog.setval('django_migrations_id_seq', 26, true);


--
-- Data for Name: django_session; Type: TABLE DATA; Schema: public; Owner: taiga
--

COPY django_session (session_key, session_data, expire_date) FROM stdin;
jbjcifhszgu48kgr70944i810aag7xo8	MzYzYzM0MGFjYzRhMTRlZTVmNjUxZDQxNDJhOWIxZWI0Yzk4MTYwMTp7Il9hdXRoX3VzZXJfYmFja2VuZCI6ImRqYW5nby5jb250cmliLmF1dGguYmFja2VuZHMuTW9kZWxCYWNrZW5kIiwiX2F1dGhfdXNlcl9pZCI6IjUiLCJfYXV0aF91c2VyX2hhc2giOiJmNDM5Y2E0NDk5NjAxMGZjNjJmYmVjMzhiNjY3Y2M4MGZjMjQxMjhlIn0=	2017-06-08 16:03:16.706099+00
psvzagq692rg6n91n41rhag09wt71ue8	NGQwZmU4YWExNDllNzIwM2EyYzIwZTc0YTk2MDhiY2ZhMDk1N2M2Nzp7Il9hdXRoX3VzZXJfaWQiOiI1IiwiX2F1dGhfdXNlcl9iYWNrZW5kIjoiZGphbmdvLmNvbnRyaWIuYXV0aC5iYWNrZW5kcy5Nb2RlbEJhY2tlbmQiLCJfYXV0aF91c2VyX2hhc2giOiJmNDM5Y2E0NDk5NjAxMGZjNjJmYmVjMzhiNjY3Y2M4MGZjMjQxMjhlIn0=	2017-06-09 17:37:59.140513+00
uk9bzyfm1eg9xkgzgrk68c327oj9r658	MzhkNDhiNWNlOGJhNTEzM2FmYzNhYmU5YTk0NmRmMzU5YTUyNTE1MDp7Il9hdXRoX3VzZXJfaGFzaCI6ImY0MzljYTQ0OTk2MDEwZmM2MmZiZWMzOGI2NjdjYzgwZmMyNDEyOGUiLCJfYXV0aF91c2VyX2JhY2tlbmQiOiJkamFuZ28uY29udHJpYi5hdXRoLmJhY2tlbmRzLk1vZGVsQmFja2VuZCIsIl9hdXRoX3VzZXJfaWQiOiI1In0=	2017-06-10 13:12:22.796417+00
id78qasnixzup1w98nnb2mmewrvmenib	MzYzYzM0MGFjYzRhMTRlZTVmNjUxZDQxNDJhOWIxZWI0Yzk4MTYwMTp7Il9hdXRoX3VzZXJfYmFja2VuZCI6ImRqYW5nby5jb250cmliLmF1dGguYmFja2VuZHMuTW9kZWxCYWNrZW5kIiwiX2F1dGhfdXNlcl9pZCI6IjUiLCJfYXV0aF91c2VyX2hhc2giOiJmNDM5Y2E0NDk5NjAxMGZjNjJmYmVjMzhiNjY3Y2M4MGZjMjQxMjhlIn0=	2017-06-12 14:20:35.30986+00
qqo2b5qhz2b945p0w4lyr36yhkuwkbm9	MzYzYzM0MGFjYzRhMTRlZTVmNjUxZDQxNDJhOWIxZWI0Yzk4MTYwMTp7Il9hdXRoX3VzZXJfYmFja2VuZCI6ImRqYW5nby5jb250cmliLmF1dGguYmFja2VuZHMuTW9kZWxCYWNrZW5kIiwiX2F1dGhfdXNlcl9pZCI6IjUiLCJfYXV0aF91c2VyX2hhc2giOiJmNDM5Y2E0NDk5NjAxMGZjNjJmYmVjMzhiNjY3Y2M4MGZjMjQxMjhlIn0=	2017-06-16 07:52:21.745009+00
kyl74y19pc9ew59rr8y76450doa3p939	NGQwZmU4YWExNDllNzIwM2EyYzIwZTc0YTk2MDhiY2ZhMDk1N2M2Nzp7Il9hdXRoX3VzZXJfaWQiOiI1IiwiX2F1dGhfdXNlcl9iYWNrZW5kIjoiZGphbmdvLmNvbnRyaWIuYXV0aC5iYWNrZW5kcy5Nb2RlbEJhY2tlbmQiLCJfYXV0aF91c2VyX2hhc2giOiJmNDM5Y2E0NDk5NjAxMGZjNjJmYmVjMzhiNjY3Y2M4MGZjMjQxMjhlIn0=	2017-06-17 12:17:05.328437+00
ddte9nvfh7dfi3sv66zbkg5r97zblgj9	NGQwZmU4YWExNDllNzIwM2EyYzIwZTc0YTk2MDhiY2ZhMDk1N2M2Nzp7Il9hdXRoX3VzZXJfaWQiOiI1IiwiX2F1dGhfdXNlcl9iYWNrZW5kIjoiZGphbmdvLmNvbnRyaWIuYXV0aC5iYWNrZW5kcy5Nb2RlbEJhY2tlbmQiLCJfYXV0aF91c2VyX2hhc2giOiJmNDM5Y2E0NDk5NjAxMGZjNjJmYmVjMzhiNjY3Y2M4MGZjMjQxMjhlIn0=	2017-06-18 12:24:04.725386+00
xy2ld1m32ywysigi4mr76pd8urbjgpue	M2M2YmRkNWFmOWM3ZmE5ZTkyNThlOTM5ZGJmZmJjMjA0ZDM1NWIyNzp7Il9hdXRoX3VzZXJfYmFja2VuZCI6ImRqYW5nby5jb250cmliLmF1dGguYmFja2VuZHMuTW9kZWxCYWNrZW5kIiwiX2F1dGhfdXNlcl9oYXNoIjoiZjQzOWNhNDQ5OTYwMTBmYzYyZmJlYzM4YjY2N2NjODBmYzI0MTI4ZSIsIl9hdXRoX3VzZXJfaWQiOiI1In0=	2017-06-19 07:42:28.799077+00
yuudb6axn3j3ga11arwgo23novgm4mrx	NjY1MGFmMzMyZmJkMjVmMjlmNjk5N2Q2NDUyYWMzMWNlMGU3YzRkYzp7Il9hdXRoX3VzZXJfaGFzaCI6ImY0MzljYTQ0OTk2MDEwZmM2MmZiZWMzOGI2NjdjYzgwZmMyNDEyOGUiLCJfYXV0aF91c2VyX2lkIjoiNSIsIl9hdXRoX3VzZXJfYmFja2VuZCI6ImRqYW5nby5jb250cmliLmF1dGguYmFja2VuZHMuTW9kZWxCYWNrZW5kIn0=	2017-06-20 08:33:08.979163+00
\.


--
-- Data for Name: issues_issue; Type: TABLE DATA; Schema: public; Owner: taiga
--

COPY issues_issue (id, subject, description, assigned_to_id, project_id, status, created_date, finished_date, modified_date) FROM stdin;
1	A class laid this long writing	Be top into and copy, of during texts. Own this, shall investigating detailed display cache. To turn particular the samples called no.	3	1	new	2016-12-30 09:50:32+00	\N	2017-05-30 09:51:19.777535+00
2	To it found would know and a for on copy	On would then ourselves, embarrassed narrow a shut world; Good more game, the sofas with the to threw pointing that and take one concise them well they advantage however, intended a time.	4	1	new	2016-12-29 10:20:11+00	\N	2017-05-30 09:51:19.777535+00
3	May they packed or subject fresh	There have bulk; To and escape, abandon touched not pointing thousands puzzles times for narrowness has, french on.	5	1	new	2016-12-31 19:10:55+00	\N	2017-05-30 09:51:19.777535+00
5	Attained good at the of remote	Great close the purer dins in, who one the ahead universe didn't very to wasn't logged look to so on needs the to friendly but investigating and in progress both so I in nice same slide client projects folks their that contracts.	4	2	new	2017-01-01 09:20:05+00	\N	2017-05-30 09:51:19.777535+00
6	Be no part out my worn we his play	The thing tone, it's every we those found wasn't to in funny relative was attempt, step, to down at their behavioural derisively they'd than he is behave.	5	2	new	2017-01-02 12:30:01+00	\N	2017-05-30 09:51:19.777535+00
7	Suppliers and expected a so with	Help didn't the up threw extent, like elite. But themselves have the thought. Have of what respective the evaluate would escape, the animals of twice in plan period, how the one self-interest, of who objective tried it thought.	3	3	new	2017-01-03 13:00:09+00	\N	2017-05-30 09:51:19.777535+00
8	To a ducks Move slight what	Tone such prisoners. Have a and involved. When own and improve indeed, day surprised I roasted that else. Service, into I to man, regurgitated the of while eye.	4	3	new	2017-01-04 14:15:43+00	\N	2017-05-30 09:51:19.777535+00
9	Be felt people your train be	Temple careful magnitude, duties what's the a these, succeeded commas, impact synthesizers was day but for six seven.	5	3	new	2017-01-05 12:24:33+00	\N	2017-05-30 09:51:19.777535+00
10	Divide in our and as of I large when	Whole of don't small the to concept where the accurately they derive this good himself out part.	2	1	new	2017-01-05 18:00:11+00	\N	2017-05-30 09:51:19.777535+00
11	Caching decorated he it in me	Caching decorated he it in me	2	3	new	2017-01-06 10:50:14+00	\N	2017-05-30 09:51:19.777535+00
4	Handout at avoid please testimony he seven	Else less large choose he failing. Once not king's country, failures to which the the ridden may it here. Now away, in, considerable, first apart.	3	2	new	2017-01-01 10:00:00+00	\N	2017-05-30 09:51:19.777535+00
\.


--
-- Name: issues_issue_id_seq; Type: SEQUENCE SET; Schema: public; Owner: taiga
--

SELECT pg_catalog.setval('issues_issue_id_seq', 11, true);


--
-- Data for Name: projects_membership; Type: TABLE DATA; Schema: public; Owner: taiga
--

COPY projects_membership (id, project_id, role_id, user_id) FROM stdin;
1	1	2	2
3	2	3	3
13	2	3	2
14	2	2	3
22	17	2	4
23	17	3	5
24	17	1	2
25	17	2	2
28	17	2	5
29	17	3	2
30	2	1	2
33	3	1	2
34	2	3	4
\.


--
-- Name: projects_membership_id_seq; Type: SEQUENCE SET; Schema: public; Owner: taiga
--

SELECT pg_catalog.setval('projects_membership_id_seq', 34, true);


--
-- Data for Name: projects_project; Type: TABLE DATA; Schema: public; Owner: taiga
--

COPY projects_project (id, name, description, created_date, modified_date, owner_id) FROM stdin;
1	The repeat of somewhere	The repeat of somewhere, trumpet that writer's the reason of she feedback acquiesce a he chance been her up I supplies the to caution creative time, were they only brief was have to make and the each and thing which series touched down the towards evening.	2016-12-05 12:00:00+00	2017-05-25 00:00:00+00	\N
17	First form project	First form project.\r\nNo owner initital.\r\nMister First - is Manager.\r\nMichael Kirkman - Developer. And Leonel Messi - Reporter.	2017-06-05 13:58:40.263817+00	2017-06-05 13:58:40.263838+00	5
15	First form project	First form project.\r\nNo owner initital.\r\nMister First - is Manager.\r\nMichael Kirkman - Developer. And Leonel Messi - Reporter.	2017-06-05 13:57:01.368047+00	2017-06-05 13:57:01.368067+00	\N
16	First form project	First form project.\r\nNo owner initital.\r\nMister First - is Manager.\r\nMichael Kirkman - Developer. And Leonel Messi - Reporter.	2017-06-05 13:58:03.894211+00	2017-06-05 13:58:03.894227+00	\N
3	Found can no feedback as a lift transmitting to want	Copy to small to his harmonics. For at you screen. Skyline been Mr. That later for o'clock of if the observed, we of for royal scale, western brothers the the on regulatory men, visuals affects towards designer credit took who with achievements but suggests of former eyes.	2017-01-03 11:00:00+00	2017-05-25 00:00:00+00	2
2	Applications and the time like the start the and work	Show a watch lady at the pointing, and sisters subject the to clock embarrassed on one there from entered put discovered at is it of in career war, but what's may us, and is his escape, design is eventually. Would brought and to in how use.	2017-06-05 13:36:22.08748+00	2017-06-05 13:36:22.087491+00	2
\.


--
-- Name: projects_project_id_seq; Type: SEQUENCE SET; Schema: public; Owner: taiga
--

SELECT pg_catalog.setval('projects_project_id_seq', 17, true);


--
-- Data for Name: timelogs_timelog; Type: TABLE DATA; Schema: public; Owner: taiga
--

COPY timelogs_timelog (id, date, duration, issue_id, user_id) FROM stdin;
1	2017-04-20	6.50	1	2
2	2017-04-21	3.00	1	2
3	2017-05-07	0.50	9	5
4	2017-01-10	4.25	5	5
5	2017-03-11	6.25	11	2
6	2017-03-23	5.00	4	3
7	2017-04-15	0.50	9	5
8	2017-01-26	1.25	7	2
9	2017-05-19	4.75	11	2
10	2017-01-01	7.50	8	5
11	2017-04-29	7.25	5	3
12	2017-05-23	2.25	10	5
13	2017-01-17	2.50	4	3
14	2017-03-14	4.50	2	2
15	2017-04-02	4.50	7	3
16	2017-05-07	2.50	8	5
17	2017-03-10	8.00	2	3
18	2017-01-10	6.25	3	5
19	2017-01-09	3.00	4	2
20	2017-04-29	6.25	9	2
21	2017-05-18	1.75	5	2
22	2017-03-19	5.75	4	3
23	2017-02-07	7.00	7	3
24	2017-03-29	8.25	1	4
25	2017-01-13	0.75	10	2
26	2017-01-07	0.50	11	4
27	2017-01-30	2.00	2	2
28	2017-05-28	6.00	8	5
29	2017-01-08	6.75	11	4
30	2017-03-06	8.50	10	2
31	2017-04-20	0.25	8	4
32	2017-05-22	1.00	9	4
33	2017-03-08	2.00	5	2
34	2017-05-15	2.00	4	3
35	2017-05-20	8.25	8	4
36	2017-03-26	7.50	3	3
37	2017-05-29	6.25	2	2
38	2017-04-09	0.00	1	5
39	2017-03-29	5.25	1	3
40	2017-02-22	2.50	8	5
41	2017-01-30	7.75	1	2
42	2017-04-18	1.50	2	4
43	2017-01-28	4.00	10	4
44	2017-03-16	5.50	5	4
45	2017-01-20	3.75	8	4
46	2017-04-24	2.50	8	5
47	2017-03-06	5.75	3	5
48	2017-03-07	5.75	9	3
49	2017-02-26	8.50	1	5
50	2017-05-09	7.25	3	5
51	2017-02-03	2.25	6	5
52	2017-02-23	1.00	8	2
53	2017-01-16	7.00	7	3
54	2017-02-26	0.50	9	2
55	2017-02-14	2.00	2	3
56	2017-04-10	2.75	2	2
57	2017-03-25	6.50	6	3
58	2017-03-19	1.75	8	5
59	2017-04-11	3.00	10	3
60	2017-04-17	1.75	3	3
61	2017-04-07	4.50	9	3
62	2017-01-03	1.75	11	2
63	2017-02-22	5.25	4	5
64	2017-02-11	6.75	5	3
65	2017-02-16	7.50	6	3
66	2017-03-04	6.00	6	3
67	2017-01-11	6.25	2	5
68	2017-02-06	2.25	7	2
69	2017-01-05	8.00	8	3
70	2017-01-14	3.00	11	3
71	2017-04-19	2.50	11	3
72	2017-04-24	2.25	3	4
73	2017-05-19	5.00	2	5
74	2017-02-27	0.50	7	5
75	2017-01-06	2.75	1	5
76	2017-01-17	6.50	1	4
77	2017-04-18	3.75	9	4
78	2017-03-06	4.50	1	5
79	2017-03-14	1.50	6	4
80	2017-04-19	3.00	1	2
81	2017-02-11	3.75	1	4
82	2017-02-10	3.50	7	3
83	2017-05-17	5.00	2	2
84	2017-01-13	1.50	8	5
85	2017-02-21	8.75	10	5
86	2017-04-17	0.75	7	5
87	2017-03-03	0.00	6	4
88	2017-05-30	3.00	4	3
89	2017-03-16	4.00	11	4
90	2017-02-03	1.50	6	5
91	2017-05-20	7.50	11	4
92	2017-01-01	3.00	1	2
93	2017-05-14	5.00	10	4
94	2017-05-15	4.50	9	4
95	2017-05-28	3.25	1	3
96	2017-03-12	0.00	7	4
97	2017-01-06	2.50	3	2
98	2017-02-04	5.50	1	3
99	2017-05-30	4.75	5	2
100	2017-05-12	1.75	8	5
101	2017-04-18	5.00	10	2
102	2017-01-20	6.00	1	3
103	2017-02-16	0.75	6	2
104	2017-04-22	1.00	4	5
105	2017-05-15	3.25	4	5
106	2017-01-01	8.50	3	3
107	2017-04-17	6.75	5	4
108	2017-02-28	2.25	5	2
109	2017-01-23	0.50	10	5
110	2017-01-11	0.75	8	5
111	2017-01-13	0.75	9	3
112	2017-04-23	3.75	4	4
113	2017-01-28	0.75	11	4
114	2017-02-22	8.00	11	3
115	2017-04-11	8.00	7	4
116	2017-01-06	6.25	8	2
117	2017-04-07	3.50	7	4
118	2017-03-27	4.50	3	3
119	2017-03-26	5.75	2	3
120	2017-05-01	4.25	8	5
121	2017-01-09	8.50	10	5
122	2017-01-12	8.00	2	3
123	2017-03-25	0.00	9	3
124	2017-02-28	0.75	6	2
125	2017-02-19	7.00	3	3
126	2017-04-09	4.50	1	5
127	2017-01-22	3.25	10	2
128	2017-05-19	2.25	7	5
129	2017-02-28	1.75	4	2
130	2017-04-22	6.25	6	4
131	2017-05-26	1.75	9	2
132	2017-05-29	1.75	5	3
133	2017-02-19	8.50	11	4
134	2017-02-25	2.00	7	2
135	2017-02-16	4.00	6	3
136	2017-04-05	4.25	6	2
137	2017-05-12	6.50	3	4
138	2017-02-11	1.50	6	2
139	2017-01-27	7.50	9	2
140	2017-04-06	3.75	6	2
141	2017-01-06	1.50	8	2
142	2017-05-04	5.50	5	3
143	2017-02-07	8.50	7	5
144	2017-02-28	7.50	1	2
145	2017-04-20	4.75	10	5
146	2017-03-25	0.75	4	4
147	2017-04-20	5.00	8	5
148	2017-04-10	8.75	9	5
149	2017-03-14	2.25	6	2
150	2017-01-12	4.75	7	5
151	2017-05-15	2.75	1	2
152	2017-02-19	7.75	11	5
153	2017-02-14	0.25	10	3
154	2017-05-08	5.00	7	2
155	2017-05-06	3.00	4	2
156	2017-02-28	7.25	10	2
157	2017-04-11	3.00	8	4
158	2017-04-05	8.25	3	5
159	2017-02-01	4.50	3	4
160	2017-04-16	2.00	3	2
161	2017-04-05	2.00	10	3
163	2017-05-24	7.00	2	4
164	2017-05-06	3.25	3	5
165	2017-03-20	0.75	1	3
166	2017-04-10	1.50	11	3
167	2017-04-24	3.75	2	4
168	2017-05-13	8.25	2	3
169	2017-04-01	2.25	6	3
170	2017-05-11	6.50	3	5
171	2017-05-26	5.00	4	4
172	2017-01-29	6.25	7	2
173	2017-02-01	7.00	8	3
174	2017-04-18	1.25	5	2
175	2017-03-27	8.00	3	3
176	2017-04-02	6.25	4	3
177	2017-05-04	7.75	8	5
178	2017-03-10	6.25	7	5
179	2017-02-18	3.75	10	4
180	2017-03-13	2.00	11	2
181	2017-05-30	3.50	7	3
182	2017-02-13	3.75	3	3
183	2017-01-27	3.00	1	2
185	2017-02-16	3.75	4	3
186	2017-02-12	3.50	3	4
187	2017-02-06	1.50	3	4
188	2017-01-16	8.00	8	4
189	2017-05-17	2.50	5	4
190	2017-03-22	0.00	1	5
191	2017-01-06	8.75	2	3
192	2017-03-19	6.25	4	4
193	2017-01-06	8.50	7	3
194	2017-02-07	1.75	4	3
195	2017-05-01	8.00	2	3
196	2017-05-15	3.75	7	2
197	2017-03-16	2.00	7	3
198	2017-05-06	4.00	6	5
199	2017-04-21	2.50	10	2
200	2017-05-20	1.75	7	4
201	2017-02-28	8.75	10	3
202	2017-05-25	2.00	9	2
203	2017-05-19	0.75	11	5
204	2017-01-16	4.25	11	3
205	2017-04-15	8.00	3	3
206	2017-03-27	6.50	8	5
207	2017-05-09	2.00	6	5
208	2017-02-04	8.00	3	2
209	2017-04-03	7.75	9	2
210	2017-05-07	5.50	3	3
211	2017-03-16	1.00	7	3
212	2017-03-24	3.50	9	5
213	2017-03-15	6.75	5	3
214	2017-01-16	2.75	3	2
215	2017-05-11	7.75	11	2
216	2017-04-14	2.25	10	5
217	2017-04-05	7.25	6	3
218	2017-02-16	1.50	9	2
219	2017-03-03	5.50	10	2
220	2017-03-17	3.00	7	2
221	2017-02-25	7.50	6	4
222	2017-02-08	1.50	9	5
223	2017-04-23	4.50	3	4
224	2017-01-12	3.25	4	4
225	2017-05-04	0.75	2	3
226	2017-02-14	1.50	9	4
227	2017-05-23	2.25	10	2
228	2017-03-11	7.75	8	5
229	2017-02-12	2.50	6	5
230	2017-05-01	7.25	1	5
231	2017-02-09	2.50	3	3
232	2017-02-05	7.00	1	5
233	2017-05-08	1.00	5	5
234	2017-02-03	4.00	5	4
235	2017-04-26	8.25	10	4
236	2017-04-01	7.25	8	3
237	2017-04-28	7.00	10	3
238	2017-04-17	5.25	8	3
239	2017-05-23	3.00	10	5
240	2017-04-20	5.75	9	5
241	2017-01-07	8.25	8	2
242	2017-03-14	4.50	4	5
243	2017-02-03	4.00	8	2
244	2017-05-19	8.25	7	2
245	2017-01-13	8.00	2	4
246	2017-01-12	2.75	4	5
247	2017-02-09	5.25	10	5
248	2017-01-01	8.00	8	5
249	2017-03-03	8.00	5	4
250	2017-04-22	1.00	4	5
251	2017-02-23	0.50	7	3
252	2017-01-13	3.00	2	4
253	2017-01-29	8.50	2	4
254	2017-05-12	4.50	11	3
255	2017-03-24	8.75	5	4
256	2017-01-20	8.75	5	3
257	2017-02-28	6.75	11	2
258	2017-03-20	0.50	7	4
259	2017-04-20	5.00	10	4
260	2017-02-17	2.50	1	4
261	2017-05-27	6.25	3	2
262	2017-01-12	0.75	11	2
263	2017-03-06	4.75	6	5
264	2017-02-13	3.00	8	2
265	2017-02-13	3.75	5	2
266	2017-05-08	4.50	6	3
267	2017-02-15	7.00	11	3
268	2017-02-23	6.25	3	5
269	2017-01-13	4.00	4	2
270	2017-04-27	0.25	9	2
271	2017-01-08	7.75	2	3
272	2017-03-28	5.75	11	2
273	2017-02-17	1.50	8	3
274	2017-03-06	7.25	9	2
275	2017-05-08	2.25	7	2
276	2017-03-25	4.75	2	5
277	2017-05-29	4.50	1	2
278	2017-05-10	3.00	10	2
279	2017-03-25	8.25	4	5
280	2017-03-02	0.00	11	2
281	2017-05-22	7.00	9	5
282	2017-03-27	5.50	4	4
283	2017-04-24	0.75	11	3
284	2017-04-03	3.50	3	3
285	2017-03-08	8.00	8	4
286	2017-01-02	1.75	7	5
287	2017-01-27	6.75	8	3
288	2017-03-20	7.00	4	2
289	2017-03-23	5.50	10	5
290	2017-04-12	3.00	5	3
291	2017-02-24	1.75	5	4
292	2017-04-25	1.25	9	2
293	2017-05-12	6.50	11	5
294	2017-02-26	6.75	8	4
295	2017-05-14	5.00	6	2
296	2017-02-25	6.75	8	3
297	2017-03-11	5.25	3	5
298	2017-05-08	0.25	5	4
299	2017-02-11	3.75	11	4
300	2017-05-25	6.75	10	4
301	2017-01-23	0.25	10	2
162	2017-02-15	2.00	10	4
184	2017-05-05	4.00	2	4
\.


--
-- Name: timelogs_timelog_id_seq; Type: SEQUENCE SET; Schema: public; Owner: taiga
--

SELECT pg_catalog.setval('timelogs_timelog_id_seq', 301, true);


--
-- Data for Name: users_role; Type: TABLE DATA; Schema: public; Owner: taiga
--

COPY users_role (id, name, permissions) FROM stdin;
1	Manager	{admin.add_logentry,admin.change_logentry,admin.delete_logentry,auth.add_user,auth.change_user,auth.delete_user,auth.add_group,auth.change_group,auth.delete_group,auth.add_permission,auth.change_permission,auth.delete_permission,contenttypes.add_contenttype,contenttypes.change_contenttype,contenttypes.delete_contenttype,sessions.add_session,sessions.change_session,sessions.delete_session,users.add_user,users.change_user,users.delete_user,projects.add_project,projects.change_project,projects.delete_project,issues.add_issue,issues.change_issue,issues.delete_issue,timelogs.add_timelog,timelogs.change_timelog,timelogs.delete_timelog}
2	Developer	{contenttypes.add_contenttype,contenttypes.change_contenttype,contenttypes.delete_contenttype,sessions.add_session,sessions.change_session,sessions.delete_session,users.add_user,users.change_user,users.delete_user,projects.add_project,projects.change_project,projects.delete_project,issues.add_issue,issues.change_issue,issues.delete_issue,timelogs.add_timelog,timelogs.change_timelog,timelogs.delete_timelog}
3	Reporter	{issues.add_issue,issues.change_issue,issues.delete_issue,timelogs.add_timelog,timelogs.change_timelog,timelogs.delete_timelog}
\.


--
-- Name: users_role_id_seq; Type: SEQUENCE SET; Schema: public; Owner: taiga
--

SELECT pg_catalog.setval('users_role_id_seq', 3, true);


--
-- Data for Name: users_user; Type: TABLE DATA; Schema: public; Owner: taiga
--

COPY users_user (user_ptr_id) FROM stdin;
2
3
4
5
\.


--
-- Name: auth_group auth_group_name_key; Type: CONSTRAINT; Schema: public; Owner: taiga
--

ALTER TABLE ONLY auth_group
    ADD CONSTRAINT auth_group_name_key UNIQUE (name);


--
-- Name: auth_group_permissions auth_group_permissions_group_id_0cd325b0_uniq; Type: CONSTRAINT; Schema: public; Owner: taiga
--

ALTER TABLE ONLY auth_group_permissions
    ADD CONSTRAINT auth_group_permissions_group_id_0cd325b0_uniq UNIQUE (group_id, permission_id);


--
-- Name: auth_group_permissions auth_group_permissions_pkey; Type: CONSTRAINT; Schema: public; Owner: taiga
--

ALTER TABLE ONLY auth_group_permissions
    ADD CONSTRAINT auth_group_permissions_pkey PRIMARY KEY (id);


--
-- Name: auth_group auth_group_pkey; Type: CONSTRAINT; Schema: public; Owner: taiga
--

ALTER TABLE ONLY auth_group
    ADD CONSTRAINT auth_group_pkey PRIMARY KEY (id);


--
-- Name: auth_permission auth_permission_content_type_id_01ab375a_uniq; Type: CONSTRAINT; Schema: public; Owner: taiga
--

ALTER TABLE ONLY auth_permission
    ADD CONSTRAINT auth_permission_content_type_id_01ab375a_uniq UNIQUE (content_type_id, codename);


--
-- Name: auth_permission auth_permission_pkey; Type: CONSTRAINT; Schema: public; Owner: taiga
--

ALTER TABLE ONLY auth_permission
    ADD CONSTRAINT auth_permission_pkey PRIMARY KEY (id);


--
-- Name: auth_user_groups auth_user_groups_pkey; Type: CONSTRAINT; Schema: public; Owner: taiga
--

ALTER TABLE ONLY auth_user_groups
    ADD CONSTRAINT auth_user_groups_pkey PRIMARY KEY (id);


--
-- Name: auth_user_groups auth_user_groups_user_id_94350c0c_uniq; Type: CONSTRAINT; Schema: public; Owner: taiga
--

ALTER TABLE ONLY auth_user_groups
    ADD CONSTRAINT auth_user_groups_user_id_94350c0c_uniq UNIQUE (user_id, group_id);


--
-- Name: auth_user auth_user_pkey; Type: CONSTRAINT; Schema: public; Owner: taiga
--

ALTER TABLE ONLY auth_user
    ADD CONSTRAINT auth_user_pkey PRIMARY KEY (id);


--
-- Name: auth_user_user_permissions auth_user_user_permissions_pkey; Type: CONSTRAINT; Schema: public; Owner: taiga
--

ALTER TABLE ONLY auth_user_user_permissions
    ADD CONSTRAINT auth_user_user_permissions_pkey PRIMARY KEY (id);


--
-- Name: auth_user_user_permissions auth_user_user_permissions_user_id_14a6b632_uniq; Type: CONSTRAINT; Schema: public; Owner: taiga
--

ALTER TABLE ONLY auth_user_user_permissions
    ADD CONSTRAINT auth_user_user_permissions_user_id_14a6b632_uniq UNIQUE (user_id, permission_id);


--
-- Name: auth_user auth_user_username_key; Type: CONSTRAINT; Schema: public; Owner: taiga
--

ALTER TABLE ONLY auth_user
    ADD CONSTRAINT auth_user_username_key UNIQUE (username);


--
-- Name: django_admin_log django_admin_log_pkey; Type: CONSTRAINT; Schema: public; Owner: taiga
--

ALTER TABLE ONLY django_admin_log
    ADD CONSTRAINT django_admin_log_pkey PRIMARY KEY (id);


--
-- Name: django_content_type django_content_type_app_label_76bd3d3b_uniq; Type: CONSTRAINT; Schema: public; Owner: taiga
--

ALTER TABLE ONLY django_content_type
    ADD CONSTRAINT django_content_type_app_label_76bd3d3b_uniq UNIQUE (app_label, model);


--
-- Name: django_content_type django_content_type_pkey; Type: CONSTRAINT; Schema: public; Owner: taiga
--

ALTER TABLE ONLY django_content_type
    ADD CONSTRAINT django_content_type_pkey PRIMARY KEY (id);


--
-- Name: django_migrations django_migrations_pkey; Type: CONSTRAINT; Schema: public; Owner: taiga
--

ALTER TABLE ONLY django_migrations
    ADD CONSTRAINT django_migrations_pkey PRIMARY KEY (id);


--
-- Name: django_session django_session_pkey; Type: CONSTRAINT; Schema: public; Owner: taiga
--

ALTER TABLE ONLY django_session
    ADD CONSTRAINT django_session_pkey PRIMARY KEY (session_key);


--
-- Name: issues_issue issues_issue_pkey; Type: CONSTRAINT; Schema: public; Owner: taiga
--

ALTER TABLE ONLY issues_issue
    ADD CONSTRAINT issues_issue_pkey PRIMARY KEY (id);


--
-- Name: projects_membership projects_membership_pkey; Type: CONSTRAINT; Schema: public; Owner: taiga
--

ALTER TABLE ONLY projects_membership
    ADD CONSTRAINT projects_membership_pkey PRIMARY KEY (id);


--
-- Name: projects_project projects_project_pkey; Type: CONSTRAINT; Schema: public; Owner: taiga
--

ALTER TABLE ONLY projects_project
    ADD CONSTRAINT projects_project_pkey PRIMARY KEY (id);


--
-- Name: timelogs_timelog timelogs_timelog_pkey; Type: CONSTRAINT; Schema: public; Owner: taiga
--

ALTER TABLE ONLY timelogs_timelog
    ADD CONSTRAINT timelogs_timelog_pkey PRIMARY KEY (id);


--
-- Name: users_role users_role_pkey; Type: CONSTRAINT; Schema: public; Owner: taiga
--

ALTER TABLE ONLY users_role
    ADD CONSTRAINT users_role_pkey PRIMARY KEY (id);


--
-- Name: users_user users_user_pkey; Type: CONSTRAINT; Schema: public; Owner: taiga
--

ALTER TABLE ONLY users_user
    ADD CONSTRAINT users_user_pkey PRIMARY KEY (user_ptr_id);


--
-- Name: auth_group_name_a6ea08ec_like; Type: INDEX; Schema: public; Owner: taiga
--

CREATE INDEX auth_group_name_a6ea08ec_like ON auth_group USING btree (name varchar_pattern_ops);


--
-- Name: auth_group_permissions_0e939a4f; Type: INDEX; Schema: public; Owner: taiga
--

CREATE INDEX auth_group_permissions_0e939a4f ON auth_group_permissions USING btree (group_id);


--
-- Name: auth_group_permissions_8373b171; Type: INDEX; Schema: public; Owner: taiga
--

CREATE INDEX auth_group_permissions_8373b171 ON auth_group_permissions USING btree (permission_id);


--
-- Name: auth_permission_417f1b1c; Type: INDEX; Schema: public; Owner: taiga
--

CREATE INDEX auth_permission_417f1b1c ON auth_permission USING btree (content_type_id);


--
-- Name: auth_user_groups_0e939a4f; Type: INDEX; Schema: public; Owner: taiga
--

CREATE INDEX auth_user_groups_0e939a4f ON auth_user_groups USING btree (group_id);


--
-- Name: auth_user_groups_e8701ad4; Type: INDEX; Schema: public; Owner: taiga
--

CREATE INDEX auth_user_groups_e8701ad4 ON auth_user_groups USING btree (user_id);


--
-- Name: auth_user_user_permissions_8373b171; Type: INDEX; Schema: public; Owner: taiga
--

CREATE INDEX auth_user_user_permissions_8373b171 ON auth_user_user_permissions USING btree (permission_id);


--
-- Name: auth_user_user_permissions_e8701ad4; Type: INDEX; Schema: public; Owner: taiga
--

CREATE INDEX auth_user_user_permissions_e8701ad4 ON auth_user_user_permissions USING btree (user_id);


--
-- Name: auth_user_username_6821ab7c_like; Type: INDEX; Schema: public; Owner: taiga
--

CREATE INDEX auth_user_username_6821ab7c_like ON auth_user USING btree (username varchar_pattern_ops);


--
-- Name: django_admin_log_417f1b1c; Type: INDEX; Schema: public; Owner: taiga
--

CREATE INDEX django_admin_log_417f1b1c ON django_admin_log USING btree (content_type_id);


--
-- Name: django_admin_log_e8701ad4; Type: INDEX; Schema: public; Owner: taiga
--

CREATE INDEX django_admin_log_e8701ad4 ON django_admin_log USING btree (user_id);


--
-- Name: django_session_de54fa62; Type: INDEX; Schema: public; Owner: taiga
--

CREATE INDEX django_session_de54fa62 ON django_session USING btree (expire_date);


--
-- Name: django_session_session_key_c0390e0f_like; Type: INDEX; Schema: public; Owner: taiga
--

CREATE INDEX django_session_session_key_c0390e0f_like ON django_session USING btree (session_key varchar_pattern_ops);


--
-- Name: issues_issue_02c1725c; Type: INDEX; Schema: public; Owner: taiga
--

CREATE INDEX issues_issue_02c1725c ON issues_issue USING btree (assigned_to_id);


--
-- Name: issues_issue_b098ad43; Type: INDEX; Schema: public; Owner: taiga
--

CREATE INDEX issues_issue_b098ad43 ON issues_issue USING btree (project_id);


--
-- Name: projects_membership_84566833; Type: INDEX; Schema: public; Owner: taiga
--

CREATE INDEX projects_membership_84566833 ON projects_membership USING btree (role_id);


--
-- Name: projects_membership_b098ad43; Type: INDEX; Schema: public; Owner: taiga
--

CREATE INDEX projects_membership_b098ad43 ON projects_membership USING btree (project_id);


--
-- Name: projects_membership_e8701ad4; Type: INDEX; Schema: public; Owner: taiga
--

CREATE INDEX projects_membership_e8701ad4 ON projects_membership USING btree (user_id);


--
-- Name: projects_project_5e7b1936; Type: INDEX; Schema: public; Owner: taiga
--

CREATE INDEX projects_project_5e7b1936 ON projects_project USING btree (owner_id);


--
-- Name: timelogs_timelog_12f3e382; Type: INDEX; Schema: public; Owner: taiga
--

CREATE INDEX timelogs_timelog_12f3e382 ON timelogs_timelog USING btree (issue_id);


--
-- Name: timelogs_timelog_e8701ad4; Type: INDEX; Schema: public; Owner: taiga
--

CREATE INDEX timelogs_timelog_e8701ad4 ON timelogs_timelog USING btree (user_id);


--
-- Name: auth_group_permissions auth_group_permiss_permission_id_84c5c92e_fk_auth_permission_id; Type: FK CONSTRAINT; Schema: public; Owner: taiga
--

ALTER TABLE ONLY auth_group_permissions
    ADD CONSTRAINT auth_group_permiss_permission_id_84c5c92e_fk_auth_permission_id FOREIGN KEY (permission_id) REFERENCES auth_permission(id) DEFERRABLE INITIALLY DEFERRED;


--
-- Name: auth_group_permissions auth_group_permissions_group_id_b120cbf9_fk_auth_group_id; Type: FK CONSTRAINT; Schema: public; Owner: taiga
--

ALTER TABLE ONLY auth_group_permissions
    ADD CONSTRAINT auth_group_permissions_group_id_b120cbf9_fk_auth_group_id FOREIGN KEY (group_id) REFERENCES auth_group(id) DEFERRABLE INITIALLY DEFERRED;


--
-- Name: auth_permission auth_permiss_content_type_id_2f476e4b_fk_django_content_type_id; Type: FK CONSTRAINT; Schema: public; Owner: taiga
--

ALTER TABLE ONLY auth_permission
    ADD CONSTRAINT auth_permiss_content_type_id_2f476e4b_fk_django_content_type_id FOREIGN KEY (content_type_id) REFERENCES django_content_type(id) DEFERRABLE INITIALLY DEFERRED;


--
-- Name: auth_user_groups auth_user_groups_group_id_97559544_fk_auth_group_id; Type: FK CONSTRAINT; Schema: public; Owner: taiga
--

ALTER TABLE ONLY auth_user_groups
    ADD CONSTRAINT auth_user_groups_group_id_97559544_fk_auth_group_id FOREIGN KEY (group_id) REFERENCES auth_group(id) DEFERRABLE INITIALLY DEFERRED;


--
-- Name: auth_user_groups auth_user_groups_user_id_6a12ed8b_fk_auth_user_id; Type: FK CONSTRAINT; Schema: public; Owner: taiga
--

ALTER TABLE ONLY auth_user_groups
    ADD CONSTRAINT auth_user_groups_user_id_6a12ed8b_fk_auth_user_id FOREIGN KEY (user_id) REFERENCES auth_user(id) DEFERRABLE INITIALLY DEFERRED;


--
-- Name: auth_user_user_permissions auth_user_user_per_permission_id_1fbb5f2c_fk_auth_permission_id; Type: FK CONSTRAINT; Schema: public; Owner: taiga
--

ALTER TABLE ONLY auth_user_user_permissions
    ADD CONSTRAINT auth_user_user_per_permission_id_1fbb5f2c_fk_auth_permission_id FOREIGN KEY (permission_id) REFERENCES auth_permission(id) DEFERRABLE INITIALLY DEFERRED;


--
-- Name: auth_user_user_permissions auth_user_user_permissions_user_id_a95ead1b_fk_auth_user_id; Type: FK CONSTRAINT; Schema: public; Owner: taiga
--

ALTER TABLE ONLY auth_user_user_permissions
    ADD CONSTRAINT auth_user_user_permissions_user_id_a95ead1b_fk_auth_user_id FOREIGN KEY (user_id) REFERENCES auth_user(id) DEFERRABLE INITIALLY DEFERRED;


--
-- Name: django_admin_log django_admin_content_type_id_c4bce8eb_fk_django_content_type_id; Type: FK CONSTRAINT; Schema: public; Owner: taiga
--

ALTER TABLE ONLY django_admin_log
    ADD CONSTRAINT django_admin_content_type_id_c4bce8eb_fk_django_content_type_id FOREIGN KEY (content_type_id) REFERENCES django_content_type(id) DEFERRABLE INITIALLY DEFERRED;


--
-- Name: django_admin_log django_admin_log_user_id_c564eba6_fk_auth_user_id; Type: FK CONSTRAINT; Schema: public; Owner: taiga
--

ALTER TABLE ONLY django_admin_log
    ADD CONSTRAINT django_admin_log_user_id_c564eba6_fk_auth_user_id FOREIGN KEY (user_id) REFERENCES auth_user(id) DEFERRABLE INITIALLY DEFERRED;


--
-- Name: issues_issue issues_issue_assigned_to_id_c6054289_fk_users_user_user_ptr_id; Type: FK CONSTRAINT; Schema: public; Owner: taiga
--

ALTER TABLE ONLY issues_issue
    ADD CONSTRAINT issues_issue_assigned_to_id_c6054289_fk_users_user_user_ptr_id FOREIGN KEY (assigned_to_id) REFERENCES users_user(user_ptr_id) DEFERRABLE INITIALLY DEFERRED;


--
-- Name: issues_issue issues_issue_project_id_4b0f3e2f_fk_projects_project_id; Type: FK CONSTRAINT; Schema: public; Owner: taiga
--

ALTER TABLE ONLY issues_issue
    ADD CONSTRAINT issues_issue_project_id_4b0f3e2f_fk_projects_project_id FOREIGN KEY (project_id) REFERENCES projects_project(id) DEFERRABLE INITIALLY DEFERRED;


--
-- Name: projects_membership projects_membership_project_id_5f65bf3f_fk_projects_project_id; Type: FK CONSTRAINT; Schema: public; Owner: taiga
--

ALTER TABLE ONLY projects_membership
    ADD CONSTRAINT projects_membership_project_id_5f65bf3f_fk_projects_project_id FOREIGN KEY (project_id) REFERENCES projects_project(id) DEFERRABLE INITIALLY DEFERRED;


--
-- Name: projects_membership projects_membership_role_id_c4bd36ef_fk_users_role_id; Type: FK CONSTRAINT; Schema: public; Owner: taiga
--

ALTER TABLE ONLY projects_membership
    ADD CONSTRAINT projects_membership_role_id_c4bd36ef_fk_users_role_id FOREIGN KEY (role_id) REFERENCES users_role(id) DEFERRABLE INITIALLY DEFERRED;


--
-- Name: projects_membership projects_membership_user_id_13374535_fk_users_user_user_ptr_id; Type: FK CONSTRAINT; Schema: public; Owner: taiga
--

ALTER TABLE ONLY projects_membership
    ADD CONSTRAINT projects_membership_user_id_13374535_fk_users_user_user_ptr_id FOREIGN KEY (user_id) REFERENCES users_user(user_ptr_id) DEFERRABLE INITIALLY DEFERRED;


--
-- Name: projects_project projects_project_owner_id_b940de39_fk_users_user_user_ptr_id; Type: FK CONSTRAINT; Schema: public; Owner: taiga
--

ALTER TABLE ONLY projects_project
    ADD CONSTRAINT projects_project_owner_id_b940de39_fk_users_user_user_ptr_id FOREIGN KEY (owner_id) REFERENCES users_user(user_ptr_id) DEFERRABLE INITIALLY DEFERRED;


--
-- Name: timelogs_timelog timelogs_timelog_issue_id_3f03098a_fk_issues_issue_id; Type: FK CONSTRAINT; Schema: public; Owner: taiga
--

ALTER TABLE ONLY timelogs_timelog
    ADD CONSTRAINT timelogs_timelog_issue_id_3f03098a_fk_issues_issue_id FOREIGN KEY (issue_id) REFERENCES issues_issue(id) DEFERRABLE INITIALLY DEFERRED;


--
-- Name: timelogs_timelog timelogs_timelog_user_id_1c3a9785_fk_users_user_user_ptr_id; Type: FK CONSTRAINT; Schema: public; Owner: taiga
--

ALTER TABLE ONLY timelogs_timelog
    ADD CONSTRAINT timelogs_timelog_user_id_1c3a9785_fk_users_user_user_ptr_id FOREIGN KEY (user_id) REFERENCES users_user(user_ptr_id) DEFERRABLE INITIALLY DEFERRED;


--
-- Name: users_user users_user_user_ptr_id_dad4eb89_fk_auth_user_id; Type: FK CONSTRAINT; Schema: public; Owner: taiga
--

ALTER TABLE ONLY users_user
    ADD CONSTRAINT users_user_user_ptr_id_dad4eb89_fk_auth_user_id FOREIGN KEY (user_ptr_id) REFERENCES auth_user(id) DEFERRABLE INITIALLY DEFERRED;


--
-- PostgreSQL database dump complete
--

